{"cameraMode":{"drawMode":0,"name":"Shaded","section":"Shading Mode"},"sceneLighting":false,"audioPlay":false,"sceneViewState":{"showFog":true,"showMaterialUpdate":false,"showSkybox":true,"showFlares":true,"showImageEffects":true,"showParticleSystems":true},"in2DMode":false,"pivot":{"x":-0.5342426300048828,"y":-1.4818049669265748,"z":-165.05738830566407},"rotation":{"x":0.11639977246522904,"y":-0.4807184040546417,"z":0.06456024199724198,"w":0.8667246103286743},"size":6.151607036590576,"orthographic":false}