{"cameraMode":{"drawMode":0,"name":"Shaded","section":"Shading Mode"},"sceneLighting":false,"audioPlay":false,"sceneViewState":{"showFog":true,"showMaterialUpdate":false,"showSkybox":true,"showFlares":true,"showImageEffects":true,"showParticleSystems":true},"in2DMode":false,"pivot":{"x":-1.420304298400879,"y":-0.8145217895507813,"z":-166.8256378173828},"rotation":{"x":0.061009131371974948,"y":-0.6201949119567871,"z":0.048473238945007327,"w":0.7805799245834351},"size":6.151607036590576,"orthographic":false}